{"D_loss": -1.3902783393859863e-05, "G_loss": 0.18975892663002014, "first_mask loss": 1.4172745977703016e-05, "second_mask loss": 3.174840458086692e-05, "_runtime": 183, "_timestamp": 1626042312, "_step": 120}