{"D_loss": 0.00012656999751925468, "G_loss": 0.002903939224779606, "first_mask loss": 0.0013942046789452434, "second_mask loss": 0.00014914451458025724, "_runtime": 37, "_timestamp": 1626042031, "_step": 10}