{"D_loss": -2.136826515197754e-05, "G_loss": -0.1530332863330841, "first_mask loss": 8.981476275948808e-05, "second_mask loss": 8.93975084181875e-05, "_runtime": 306, "_timestamp": 1626069475, "_step": 253}