{"D_loss": 0.014107249677181244, "G_loss": 0.21398460865020752, "first_mask loss": 0.0012667753035202622, "second_mask loss": 0.03325742110610008, "_runtime": 36, "_timestamp": 1626437059, "_step": 4}