{"D_loss": 2.362579107284546e-05, "G_loss": 0.07385533303022385, "first_mask loss": 0.00018038100097328424, "second_mask loss": 0.0001668789191171527, "_runtime": 80, "_timestamp": 1626041419, "_step": 50}