{"D_loss": -3.774464130401611e-05, "G_loss": 0.2306477427482605, "first_mask loss": 0.0012550314422696829, "second_mask loss": 0.00019681577396113425, "_runtime": 35, "_timestamp": 1626041713, "_step": 10}