{"D_loss": -0.004166498780250549, "G_loss": -0.07878469675779343, "first_mask loss": 0.001296678907237947, "second_mask loss": 0.005522016901522875, "_runtime": 40, "_timestamp": 1626272812, "_step": 8}