{"D_loss": -0.00026035308837890625, "G_loss": -2.0883376598358154, "first_mask loss": 4.513313251663931e-05, "second_mask loss": 7.789118535583839e-05, "_runtime": 92, "_timestamp": 1626270900, "_step": 61}