{"D_loss": -0.00011396780610084534, "G_loss": 0.03628504276275635, "first_mask loss": 6.109800597187132e-05, "second_mask loss": 4.533758692559786e-05, "_runtime": 82, "_timestamp": 1626041302, "_step": 50}