{"D_loss": -0.10455864667892456, "G_loss": 0.1032467931509018, "first_mask loss": 0.0018160579493269324, "second_mask loss": 0.029724299907684326, "_runtime": 29, "_timestamp": 1626437591, "_step": 1}