{"D_loss": -0.0010761618614196777, "G_loss": -0.6501864790916443, "first_mask loss": 0.000602570129558444, "second_mask loss": 0.0004102448292542249, "_runtime": 37, "_timestamp": 1626041822, "_step": 10}