{"epoch": 0, "first_mask loss": 1.2626831846773712e-07, "second_mask loss": 1.0962535412772922e-07, "_runtime": 624, "_timestamp": 1626442203, "_step": 580}