{"D_loss": -7.159635424613953e-05, "G_loss": 0.002437941264361143, "first_mask loss": 0.00026625359896570444, "second_mask loss": 0.00014206879131961614, "_runtime": 35, "_timestamp": 1626042097, "_step": 10}