{"D_loss": -0.031040482223033905, "G_loss": -0.011636828072369099, "first_mask loss": 0.0023044703993946314, "second_mask loss": 0.03395766392350197, "_runtime": 31, "_timestamp": 1626438041, "_step": 1}