{"D_loss": -0.08072534203529358, "G_loss": -0.21033500134944916, "first_mask loss": 0.001098581706173718, "second_mask loss": 0.04944130778312683, "_runtime": 28, "_timestamp": 1626269774, "_step": 0}