{"D_loss": -0.000241205096244812, "G_loss": -0.18679772317409515, "first_mask loss": 5.5057644203770906e-05, "second_mask loss": 0.00014686406939290464, "_runtime": 79, "_timestamp": 1626270313, "_step": 46}