{"D_loss": -0.003589347004890442, "G_loss": -0.1290493905544281, "first_mask loss": 4.283862290321849e-05, "second_mask loss": 4.880991764366627e-05, "_runtime": 106, "_timestamp": 1626437550, "_step": 72}