{"D_loss": -0.07689322531223297, "G_loss": -0.1691429167985916, "first_mask loss": 0.0010806368663907051, "second_mask loss": 0.04019608348608017, "_runtime": 34, "_timestamp": 1626268389, "_step": 5}