{"D_loss": -0.00044952332973480225, "G_loss": 0.20754383504390717, "first_mask loss": 0.002839492168277502, "second_mask loss": 0.0013060892233625054, "_runtime": 29, "_timestamp": 1626041983, "_step": 3}