{"D_loss": 0.0015900731086730957, "G_loss": 0.5830548405647278, "first_mask loss": 0.0008527422905899584, "second_mask loss": 0.0002629028749652207, "_runtime": 37, "_timestamp": 1626041639, "_step": 10}