{"D_loss": 6.77257776260376e-06, "G_loss": -0.041923582553863525, "first_mask loss": 0.00010030137491412461, "second_mask loss": 8.469889144180343e-05, "_runtime": 81, "_timestamp": 1626041011, "_step": 50}