{"D_loss": 2.4333596229553223e-05, "G_loss": -0.08300226181745529, "first_mask loss": 0.00016110048454720527, "second_mask loss": 0.00024277684860862792, "_runtime": 82, "_timestamp": 1626041183, "_step": 50}