{"D_loss": -0.08993032574653625, "G_loss": 0.516450822353363, "first_mask loss": 0.003214740427210927, "second_mask loss": 0.039065685123205185, "_runtime": 30, "_timestamp": 1626437123, "_step": 1}