{"D_loss": -5.626678466796875e-05, "G_loss": -2.437516927719116, "first_mask loss": 7.780204032314941e-05, "second_mask loss": 5.474003955896478e-06, "_runtime": 228, "_timestamp": 1626273118, "_step": 189}