{"D_loss": -0.0027313232421875, "G_loss": 1.2794944047927856, "first_mask loss": 1.949925717781298e-05, "second_mask loss": 1.3267560461827088e-05, "_runtime": 539, "_timestamp": 1626271644, "_step": 489}