{"epoch": 0, "first_mask loss": 9.676140507508535e-06, "second_mask loss": 1.286098085984122e-05, "_runtime": 527, "_timestamp": 1626442203, "_step": 493}