{"D_loss": -2.5510787963867188e-05, "G_loss": -0.47892916202545166, "first_mask loss": 2.6158966647926718e-05, "second_mask loss": 3.455787737038918e-05, "_runtime": 287, "_timestamp": 1626076619, "_step": 192}