{"D_loss": -0.014393091201782227, "G_loss": 0.5572174787521362, "first_mask loss": 0.00010678795661078766, "second_mask loss": 0.00010446354281157255, "_runtime": 274, "_timestamp": 1626273118, "_step": 242}