{"epoch": 0, "first_mask loss": 1.0249185606880928e-06, "second_mask loss": 9.199422947858693e-07, "_runtime": 578, "_timestamp": 1626442203, "_step": 530}