{"D_loss": 0.1479579508304596, "G_loss": 0.12674880027770996, "first_mask loss": 0.005327058490365744, "second_mask loss": 0.0384368821978569, "_runtime": 33, "_timestamp": 1626437304, "_step": 1}