{"D_loss": 0.002702057361602783, "G_loss": -0.7044998407363892, "first_mask loss": 0.0005229723174124956, "second_mask loss": 0.0012106058420613408, "_runtime": 37, "_timestamp": 1626041895, "_step": 10}