{"D_loss": -0.0002536773681640625, "G_loss": 0.3493432104587555, "first_mask loss": 6.466847116826102e-05, "second_mask loss": 5.83972578169778e-05, "_runtime": 110, "_timestamp": 1626268786, "_step": 55}