{"D_loss": -0.0010406970977783203, "G_loss": -3.229275703430176, "first_mask loss": 5.980053629173199e-06, "second_mask loss": 6.04650176683208e-06, "_runtime": 185, "_timestamp": 1626273118, "_step": 144}