{"D_loss": 3.263354301452637e-05, "G_loss": -0.289877325296402, "first_mask loss": 7.96676249592565e-05, "second_mask loss": 0.00014780147466808558, "_runtime": 82, "_timestamp": 1626040883, "_step": 50}