{"D_loss": -0.00023576617240905762, "G_loss": 0.2750905454158783, "first_mask loss": 0.00022240998805500567, "second_mask loss": 0.0004468791885301471, "_runtime": 66, "_timestamp": 1626270110, "_step": 25}