{"D_loss": 1.4901161193847656e-06, "G_loss": -0.21684196591377258, "first_mask loss": 5.683577455783961e-06, "second_mask loss": 2.7630622412289085e-07, "_runtime": 154, "_timestamp": 1626270785, "_step": 117}