{"D_loss": 0.08796915411949158, "G_loss": -0.005313694477081299, "first_mask loss": 0.0007480444037355483, "second_mask loss": 0.009019270539283752, "_runtime": 34, "_timestamp": 1626269694, "_step": 6}