{"D_loss": -0.003679215908050537, "G_loss": -0.11209453642368317, "first_mask loss": 0.00047832506243139505, "second_mask loss": 0.0031428642105311155, "_runtime": 43, "_timestamp": 1626270035, "_step": 11}