{"D_loss": 0.07746430486440659, "G_loss": 0.03338580206036568, "first_mask loss": 0.003119114087894559, "second_mask loss": 0.023463839665055275, "_runtime": 33, "_timestamp": 1626268557, "_step": 5}